<?xml version="1.0" encoding="utf-8"?>
<!DOCTYPE hibernate-mapping PUBLIC "-//Hibernate/Hibernate Mapping DTD 3.0//EN"
"http://www.hibernate.org/dtd/hibernate-mapping-3.0.dtd">
<!-- 
    Mapping file autogenerated by MyEclipse Persistence Tools
-->
<hibernate-mapping>
    <class name="com.om.model.Bill" table="bill" catalog="omdatabase">
        <id name="billid" type="java.lang.Integer">
            <column name="billid" />
            <generator class="identity" />
        </id>
        <many-to-one lazy="false" name="userByCreaterUserid" class="com.om.model.User" fetch="select">
            <column name="creater_userid" not-null="true" />
        </many-to-one>
        <many-to-one lazy="false" name="userByCheckerUserid" class="com.om.model.User" fetch="select">
            <column name="checker_userid" not-null="true" />
        </many-to-one>
        <many-to-one lazy="false" name="om" class="com.om.model.Om" fetch="select">
            <column name="omid" not-null="true" />
        </many-to-one>
        <property name="billName" type="java.lang.String">
            <column name="bill_name" length="45" not-null="true" />
        </property>
        <property name="billMoney" type="java.lang.Float">
            <column name="bill_money" precision="12" scale="0" not-null="true" />
        </property>
        <property name="billType" type="java.lang.Integer">
            <column name="bill_type" not-null="true">
                <comment>-1支出;1收入;0其他</comment>
            </column>
        </property>
        <property name="billCreatetime" type="java.sql.Timestamp">
            <column name="bill_createtime" length="19" not-null="true">
                <comment>账单创建时间</comment>
            </column>
        </property>
        <property name="billStatus" type="java.lang.Integer">
            <column name="bill_status" not-null="true">
                <comment>-1弃审；0待审；1过审</comment>
            </column>
        </property>
        <property name="billObject" type="java.lang.String">
            <column name="bill_object" length="45">
                <comment>账单对象</comment>
            </column>
        </property>
        <property name="deleteflag" type="java.lang.Boolean">
            <column name="deleteflag" not-null="true" />
        </property>
        <property name="billDes" type="java.lang.String">
            <column name="bill_des" length="200">
                <comment>说明</comment>
            </column>
        </property>
        <set name="purchases" inverse="true">
            <key>
                <column name="billid" not-null="true" />
            </key>
            <one-to-many class="com.om.model.Purchase" />
        </set>
    </class>
</hibernate-mapping>
