<?xml version="1.0" encoding="utf-8"?>
<!DOCTYPE hibernate-mapping PUBLIC "-//Hibernate/Hibernate Mapping DTD 3.0//EN"
"http://www.hibernate.org/dtd/hibernate-mapping-3.0.dtd">
<!-- 
    Mapping file autogenerated by MyEclipse Persistence Tools
-->
<hibernate-mapping>
    <class name="com.om.model.Log" table="log" catalog="omdatabase">
        <id name="logid" type="java.lang.Integer">
            <column name="logid" />
            <generator class="identity" />
        </id>
        <many-to-one lazy="false" name="user" class="com.om.model.User" fetch="select">
            <column name="userid" not-null="true" />
        </many-to-one>
        <many-to-one lazy="false" name="om" class="com.om.model.Om" fetch="select">
            <column name="omid" not-null="true" />
        </many-to-one>
        <property name="logType" type="java.lang.String">
            <column name="log_type" length="45" not-null="true">
                <comment>改变的类型</comment>
            </column>
        </property>
        <property name="logTable" type="java.lang.String">
            <column name="log_table" length="45" not-null="true">
                <comment>改变的表</comment>
            </column>
        </property>
        <property name="logDetail" type="java.lang.String">
            <column name="log_detail" length="100" not-null="true">
                <comment>改变的细节</comment>
            </column>
        </property>
        <property name="logCreatetime" type="java.sql.Timestamp">
            <column name="log_createtime" length="19" not-null="true" />
        </property>
    </class>
</hibernate-mapping>
