<?xml version="1.0" encoding="utf-8"?>
<!DOCTYPE hibernate-mapping PUBLIC "-//Hibernate/Hibernate Mapping DTD 3.0//EN"
"http://www.hibernate.org/dtd/hibernate-mapping-3.0.dtd">
<!-- 
    Mapping file autogenerated by MyEclipse Persistence Tools
-->
<hibernate-mapping>
    <class name="com.om.model.News" table="news" catalog="omdatabase">
        <id name="newsid" type="java.lang.Integer">
            <column name="newsid" />
            <generator class="identity" />
        </id>
        <many-to-one name="userByNewsSendUser" class="com.om.model.User" fetch="select">
            <column name="news_send_user" not-null="true">
                <comment>消息发送方</comment>
            </column>
        </many-to-one>
        <many-to-one name="userByNewsRecieveUser" class="com.om.model.User" fetch="select">
            <column name="news_recieve_user" not-null="true">
                <comment>消息接受方</comment>
            </column>
        </many-to-one>
        <many-to-one name="om" class="com.om.model.Om" fetch="select">
            <column name="omid" not-null="true" />
        </many-to-one>
        <property name="newsName" type="java.lang.String">
            <column name="news_name" length="15">
                <comment>消息名称</comment>
            </column>
        </property>
        <property name="newsDes" type="java.lang.String">
            <column name="news_des" length="200" not-null="true">
                <comment>消息详细描述</comment>
            </column>
        </property>
        <property name="newsCollectFlag" type="java.lang.Boolean">
            <column name="news_collect_flag" not-null="true">
                <comment>消息是否被接收方收藏</comment>
            </column>
        </property>
        <property name="newsReadFlag" type="java.lang.Boolean">
            <column name="news_read_flag" not-null="true">
                <comment>消息是否已读</comment>
            </column>
        </property>
        <property name="newsDatatime" type="java.sql.Timestamp">
            <column name="news_datatime" length="19" not-null="true">
                <comment>消息发送时间</comment>
            </column>
        </property>
    </class>
</hibernate-mapping>
