<?xml version="1.0" encoding="utf-8"?>
<!DOCTYPE hibernate-mapping PUBLIC "-//Hibernate/Hibernate Mapping DTD 3.0//EN"
"http://www.hibernate.org/dtd/hibernate-mapping-3.0.dtd">
<!-- 
    Mapping file autogenerated by MyEclipse Persistence Tools
-->
<hibernate-mapping>
    <class name="com.om.model.Notice" table="notice" catalog="omdatabase">
        <id name="noticeid" type="java.lang.Integer">
            <column name="noticeid" />
            <generator class="identity" />
        </id>
        <many-to-one lazy="false"  name="userByNoticeCreater" class="com.om.model.User" fetch="select">
            <column name="notice_creater" not-null="true">
                <comment>公告发布者</comment>
            </column>
        </many-to-one>
      <many-to-one lazy="false"  name="userByNoticeEditor" class="com.om.model.User" fetch="select">
            <column name="notice_editor">
                <comment>公告最后一次修改的人</comment>
            </column>
        </many-to-one>
       <many-to-one lazy="false"  name="om" class="com.om.model.Om" fetch="select">
            <column name="omid" not-null="true" />
        </many-to-one>
        <property name="noticeDes" type="java.lang.String">
            <column name="notice_des" length="200">
                <comment>公告详情</comment>
            </column>
        </property>
        <property name="noticeName" type="java.lang.String">
            <column name="notice_name" length="20" not-null="true">
                <comment>公告名称</comment>
            </column>
        </property>
        <property name="noticeEndtime" type="java.util.Date">
            <column name="notice_endtime" length="10" not-null="true">
                <comment>公告结束时间</comment>
            </column>
        </property>
        <property name="noticeCreatetime" type="java.sql.Timestamp">
            <column name="notice_createtime" length="19" not-null="true">
                <comment>公告创建时间</comment>
            </column>
        </property>
        <property name="noticePriority" type="java.lang.String">
            <column name="notice_priority" length="5" not-null="true">
                <comment>公告优先级：低，中，高</comment>
            </column>
        </property>
        <set name="userNoticeCollects" inverse="true">
            <key>
                <column name="noticeid" not-null="true">
                    <comment>收场的公告</comment>
                </column>
            </key>
            <one-to-many class="com.om.model.UserNoticeCollect" />
        </set>
    </class>
</hibernate-mapping>
