<?xml version="1.0" encoding="utf-8"?>
<!DOCTYPE hibernate-mapping PUBLIC "-//Hibernate/Hibernate Mapping DTD 3.0//EN"
"http://www.hibernate.org/dtd/hibernate-mapping-3.0.dtd">
<!-- 
    Mapping file autogenerated by MyEclipse Persistence Tools
-->
<hibernate-mapping>
    <class name="com.om.model.Om" table="om" catalog="omdatabase">
        <id name="omid" type="java.lang.Integer">
            <column name="omid" />
            <generator class="identity" />
        </id>
        <property name="omName" type="java.lang.String">
            <column name="om_name" length="100" not-null="true" />
        </property>
        <property name="omDes" type="java.lang.String">
            <column name="om_des" length="500" />
        </property>
        <property name="omLogoUrl" type="java.lang.String">
            <column name="om_logo_url" length="200">
                <comment>logo地址</comment>
            </column>
        </property>
        <property name="omCity" type="java.lang.String">
            <column name="om_city" length="20" />
        </property>
        <property name="omCounty" type="java.lang.String">
            <column name="om_county" length="20" />
        </property>
        <property name="omProvince" type="java.lang.String">
            <column name="om_province" length="20" />
        </property>
        <property name="omLocation" type="java.lang.String">
            <column name="om_location" length="45" />
        </property>
        <property name="omCreatetime" type="java.sql.Timestamp">
            <column name="om_createtime" length="19" not-null="true" />
        </property>
        <property name="omMoney" type="java.lang.Integer">
            <column name="om_money" />
        </property>
        <property name="omBank" type="java.lang.String">
            <column name="om_bank" length="45">
                <comment>支付宝账号</comment>
            </column>
        </property>
        <property name="headcount" type="java.lang.Integer">
            <column name="headcount" not-null="true">
                <comment>人数</comment>
            </column>
        </property>
        <set name="notices" inverse="true">
            <key>
                <column name="omid" not-null="true" />
            </key>
            <one-to-many class="com.om.model.Notice" />
        </set>
        <set name="newses" inverse="true">
            <key>
                <column name="omid" not-null="true" />
            </key>
            <one-to-many class="com.om.model.News" />
        </set>
        <set name="users" inverse="true">
            <key>
                <column name="omid" not-null="true" />
            </key>
            <one-to-many class="com.om.model.User" />
        </set>
        <set name="logs" inverse="true">
            <key>
                <column name="omid" not-null="true" />
            </key>
            <one-to-many class="com.om.model.Log" />
        </set>
        <set name="purchases" inverse="true">
            <key>
                <column name="omid" not-null="true" />
            </key>
            <one-to-many class="com.om.model.Purchase" />
        </set>
        <set name="bills" inverse="true">
            <key>
                <column name="omid" not-null="true" />
            </key>
            <one-to-many class="com.om.model.Bill" />
        </set>
    </class>
</hibernate-mapping>
