<?xml version="1.0" encoding="utf-8"?>
<!DOCTYPE hibernate-mapping PUBLIC "-//Hibernate/Hibernate Mapping DTD 3.0//EN"
"http://www.hibernate.org/dtd/hibernate-mapping-3.0.dtd">
<!-- 
    Mapping file autogenerated by MyEclipse Persistence Tools
-->
<hibernate-mapping>
    <class name="com.om.model.Purchase" table="purchase" catalog="omdatabase">
        <id name="purchaseid" type="java.lang.Integer">
            <column name="purchaseid" />
            <generator class="identity" />
        </id>
        <many-to-one lazy="false" name="bill" class="com.om.model.Bill" fetch="select">
            <column name="billid" not-null="true" />
        </many-to-one>
        <many-to-one lazy="false" name="user" class="com.om.model.User" fetch="select">
            <column name="userid" not-null="true" />
        </many-to-one>
        <many-to-one lazy="false" name="om" class="com.om.model.Om" fetch="select">
            <column name="omid" not-null="true" />
        </many-to-one>
        <property name="purchaseType" type="java.lang.Integer">
            <column name="purchase_type" not-null="true">
                <comment>-1支出;1收入;0其他</comment>
            </column>
        </property>
        <property name="purchaseMoney" type="java.lang.Float">
            <column name="purchase_money" precision="12" scale="0" not-null="true" />
        </property>
        <property name="purchaseCreatetime" type="java.sql.Timestamp">
            <column name="purchase_createtime" length="19" not-null="true" />
        </property>
        <property name="deleteflag" type="java.lang.Boolean">
            <column name="deleteflag" not-null="true" />
        </property>
        <property name="billObject" type="java.lang.String">
            <column name="bill_object" length="45" />
        </property>
    </class>
</hibernate-mapping>
