<?xml version="1.0" encoding="utf-8"?>
<!DOCTYPE hibernate-mapping PUBLIC "-//Hibernate/Hibernate Mapping DTD 3.0//EN"
"http://www.hibernate.org/dtd/hibernate-mapping-3.0.dtd">
<!-- 
    Mapping file autogenerated by MyEclipse Persistence Tools
-->
<hibernate-mapping>
    <class name="com.om.model.User" table="user" catalog="omdatabase">
        <id name="userid" type="java.lang.Integer">
            <column name="userid" />
            <generator class="identity" />
        </id>
        <many-to-one lazy="false" name="om" class="com.om.model.Om" fetch="select">
            <column name="omid" not-null="true" />
        </many-to-one>
        <property name="userName" type="java.lang.String">
            <column name="user_name" length="45" />
        </property>
        <property name="userPassword" type="java.lang.String">
            <column name="user_password" length="45" not-null="true" />
        </property>
        <property name="userLimit" type="java.lang.Integer">
            <column name="user_limit" not-null="true">
                <comment>0,super;1,finance;2,manager;3,member</comment>
            </column>
        </property>
        <property name="userBalance" type="java.lang.Float">
            <column name="user_balance" precision="12" scale="0" not-null="true" />
        </property>
        <property name="userEmail" type="java.lang.String">
            <column name="user_email" length="200" />
        </property>
        <property name="userSex" type="java.lang.String">
            <column name="user_sex" length="6" />
        </property>
        <property name="userMoto" type="java.lang.String">
            <column name="user_moto" length="200" />
        </property>
        <property name="userHometown" type="java.lang.String">
            <column name="user_hometown" length="100" />
        </property>
        <property name="userPhotoUrl" type="java.lang.String">
            <column name="user_photo_url" length="200" />
        </property>
        <property name="userLocation" type="java.lang.String">
            <column name="user_location" length="100" />
        </property>
        <property name="userJob" type="java.lang.String">
            <column name="user_job" length="45" />
        </property>
        <property name="userBirthday" type="java.util.Date">
            <column name="user_birthday" length="10" />
        </property>
        <property name="userAge" type="java.lang.Short">
            <column name="user_age" />
        </property>
        <property name="deleteflag" type="java.lang.Boolean">
            <column name="deleteflag" not-null="true" />
        </property>
        <property name="userCreatetime" type="java.sql.Timestamp">
            <column name="user_createtime" length="19" not-null="true" />
        </property>
        <property name="userProvince" type="java.lang.String">
            <column name="user_province" length="20" />
        </property>
        <property name="userCounty" type="java.lang.String">
            <column name="user_county" length="20" />
        </property>
        <property name="userCity" type="java.lang.String">
            <column name="user_city" length="20" />
        </property>
        <property name="userHomeProvince" type="java.lang.String">
            <column name="user_home_province" length="20" />
        </property>
        <property name="userHomeCounty" type="java.lang.String">
            <column name="user_home_county" length="20" />
        </property>
        <property name="userHomeCity" type="java.lang.String">
            <column name="user_home_city" length="20" />
        </property>
        <property name="userNumber" type="java.lang.Integer">
            <column name="user_number" />
        </property>
        <set name="newsesForNewsRecieveUser" inverse="true">
            <key>
                <column name="news_recieve_user" not-null="true">
                    <comment>消息接受方</comment>
                </column>
            </key>
            <one-to-many class="com.om.model.News" />
        </set>
        <set name="billsForCheckerUserid" inverse="true">
            <key>
                <column name="checker_userid" not-null="true" />
            </key>
            <one-to-many class="com.om.model.Bill" />
        </set>
        <set name="userNoticeCollects" inverse="true">
            <key>
                <column name="userid" not-null="true">
                    <comment>收藏者</comment>
                </column>
            </key>
            <one-to-many class="com.om.model.UserNoticeCollect" />
        </set>
        <set name="noticesForNoticeCreater" inverse="true">
            <key>
                <column name="notice_creater" not-null="true">
                    <comment>公告发布者</comment>
                </column>
            </key>
            <one-to-many  class="com.om.model.Notice" />
        </set>
        <set name="purchases" inverse="true">
            <key>
                <column name="userid" not-null="true" />
            </key>
            <one-to-many class="com.om.model.Purchase" />
        </set>
        <set name="logs" inverse="true">
            <key>
                <column name="userid" not-null="true" />
            </key>
            <one-to-many class="com.om.model.Log" />
        </set>
        <set name="billsForCreaterUserid" inverse="true">
            <key>
                <column name="creater_userid" not-null="true" />
            </key>
            <one-to-many class="com.om.model.Bill" />
        </set>
        <set name="noticesForNoticeEditor" inverse="true">
            <key>
                <column name="notice_editor">
                    <comment>公告最后一次修改的人</comment>
                </column>
            </key>
            <one-to-many class="com.om.model.Notice" />
        </set>
        <set name="newsesForNewsSendUser" inverse="true">
            <key>
                <column name="news_send_user" not-null="true">
                    <comment>消息发送方</comment>
                </column>
            </key>
            <one-to-many class="com.om.model.News" />
        </set>
    </class>
</hibernate-mapping>
