<?xml version="1.0" encoding="utf-8"?>
<!DOCTYPE hibernate-mapping PUBLIC "-//Hibernate/Hibernate Mapping DTD 3.0//EN"
"http://www.hibernate.org/dtd/hibernate-mapping-3.0.dtd">
<!-- 
    Mapping file autogenerated by MyEclipse Persistence Tools
-->
<hibernate-mapping>
    <class name="com.om.model.UserNoticeCollect" table="user_notice_collect" catalog="omdatabase">
        <id name="userNoticeId" type="java.lang.Integer">
            <column name="User_notice_id" />
            <generator class="identity" />
        </id>
        <many-to-one name="notice" class="com.om.model.Notice" fetch="select">
            <column name="noticeid" not-null="true">
                <comment>收场的公告</comment>
            </column>
        </many-to-one>
        <many-to-one name="user" class="com.om.model.User" fetch="select">
            <column name="userid" not-null="true">
                <comment>收藏者</comment>
            </column>
        </many-to-one>
    </class>
</hibernate-mapping>
